{
    "task_index": {
        "min": [
            0
        ],
        "max": [
            0
        ],
        "mean": [
            0.0
        ],
        "std": [
            0.0
        ],
        "count": [
            1782
        ],
        "q01": [
            3.999999999999417e-16
        ],
        "q10": [
            3.999999999999417e-15
        ],
        "q50": [
            1.9999999999997088e-14
        ],
        "q90": [
            3.599999999999476e-14
        ],
        "q99": [
            3.959999999999424e-14
        ]
    },
    "timestamp": {
        "min": [
            0.0
        ],
        "max": [
            12.833333333333334
        ],
        "mean": [
            5.778264122708567
        ],
        "std": [
            3.7395747997368365
        ],
        "count": [
            1782
        ],
        "q01": [
            0.08949847666915081
        ],
        "q10": [
            1.1423544196727917
        ],
        "q50": [
            5.769900344182359
        ],
        "q90": [
            10.412525677596081
        ],
        "q99": [
            11.467002799051011
        ]
    },
    "observation.images.wrist": {
        "min": [
            [
                [
                    0.0
                ]
            ],
            [
                [
                    0.0
                ]
            ],
            [
                [
                    0.0
                ]
            ]
        ],
        "max": [
            [
                [
                    1.0
                ]
            ],
            [
                [
                    1.0
                ]
            ],
            [
                [
                    1.0
                ]
            ]
        ],
        "mean": [
            [
                [
                    0.8714018273882057
                ]
            ],
            [
                [
                    0.8679572093903474
                ]
            ],
            [
                [
                    0.8433708476422583
                ]
            ]
        ],
        "std": [
            [
                [
                    7.429651868684336e-05
                ]
            ],
            [
                [
                    7.670824803716055e-05
                ]
            ],
            [
                [
                    2.965049057630162e-05
                ]
            ]
        ],
        "count": [
            590
        ],
        "q01": [
            [
                [
                    0.5130724036848064
                ]
            ],
            [
                [
                    0.45030432995109004
                ]
            ],
            [
                [
                    0.16469884002243124
                ]
            ]
        ],
        "q10": [
            [
                [
                    0.8430202776708499
                ]
            ],
            [
                [
                    0.8430117945043596
                ]
            ],
            [
                [
                    0.8393586476128463
                ]
            ]
        ],
        "q50": [
            [
                [
                    0.8940889608393965
                ]
            ],
            [
                [
                    0.8940758973379893
                ]
            ],
            [
                [
                    0.894050793974402
                ]
            ]
        ],
        "q90": [
            [
                [
                    0.8981581204405225
                ]
            ],
            [
                [
                    0.8981484556636635
                ]
            ],
            [
                [
                    0.8973730763657904
                ]
            ]
        ],
        "q99": [
            [
                [
                    0.9529515579575162
                ]
            ],
            [
                [
                    0.9529457531463186
                ]
            ],
            [
                [
                    0.9529237178195061
                ]
            ]
        ]
    },
    "observation.state": {
        "min": [
            -0.39169999957084656,
            -1.7452000379562378,
            1.5771000385284424,
            0.9904999732971191,
            -0.13809999823570251,
            0.48489999771118164
        ],
        "max": [
            -0.39169999957084656,
            -1.7452000379562378,
            1.5771000385284424,
            0.9904999732971191,
            -0.13809999823570251,
            0.48489999771118164
        ],
        "mean": [
            -0.3916996653901474,
            -1.7451974137463553,
            1.577094776528719,
            0.9905009673768289,
            -0.13809974581906287,
            0.48489899112185514
        ],
        "std": [
            3.1846239394927e-07,
            0.0033238429140215573,
            0.004090835245361504,
            0.00022083401907854985,
            0.00020275575823285234,
            0.0011168368584215604
        ],
        "count": [
            1782
        ],
        "q01": [
            -0.39169999957084656,
            -1.7452000379562378,
            1.5771000385284424,
            0.9904999732971191,
            -0.13809999823570251,
            0.48489999771118164
        ],
        "q10": [
            -0.39169999957084656,
            -1.7452000379562378,
            1.5771000385284424,
            0.9904999732971191,
            -0.13809999823570251,
            0.48489999771118164
        ],
        "q50": [
            -0.39169999957084656,
            -1.7452000379562378,
            1.5771000385284424,
            0.9904999732971191,
            -0.13809999823570251,
            0.48489999771118164
        ],
        "q90": [
            -0.39169999957084656,
            -1.7452000379562378,
            1.5771000385284424,
            0.9904999732971191,
            -0.13809999823570251,
            0.48489999771118164
        ],
        "q99": [
            -0.39169999957084656,
            -1.7452000379562378,
            1.5771000385284424,
            0.9904999732971191,
            -0.13809999823570251,
            0.48489999771118164
        ]
    },
    "episode_index": {
        "min": [
            0
        ],
        "max": [
            5
        ],
        "mean": [
            1.941638608305275
        ],
        "std": [
            1.5190393649209466
        ],
        "count": [
            1782
        ],
        "q01": [
            1.9416386083052755
        ],
        "q10": [
            1.941638608305279
        ],
        "q50": [
            1.9416386083052952
        ],
        "q90": [
            1.941638608305311
        ],
        "q99": [
            1.9416386083053145
        ]
    },
    "action": {
        "min": [
            -0.40046676993370056,
            -1.770646095275879,
            1.7299857139587402,
            0.9904264211654663,
            -0.13809198141098022,
            0.4849036633968353
        ],
        "max": [
            -0.40046676993370056,
            -1.770646095275879,
            1.7299857139587402,
            0.9904264211654663,
            -0.13809198141098022,
            0.4849036633968353
        ],
        "mean": [
            -0.40046688643368805,
            -1.7706471412002571,
            1.729982113597369,
            0.9904255432847106,
            -0.1380920261144638,
            0.4849046538975905
        ],
        "std": [
            8.567565300704076e-09,
            0.0006473321874536664,
            0.0034649321264118077,
            0.002041791797361759,
            3.187457079266928e-05,
            3.3444307613188325e-07
        ],
        "count": [
            1782
        ],